[{"model": "items.ingredient", "pk": 1, "fields": {"name": "Cheese Foam", "available": true}}, {"model": "items.ingredient", "pk": 2, "fields": {"name": "Watermelon", "available": true}}, {"model": "items.ingredient", "pk": 3, "fields": {"name": "Dragonfruit", "available": true}}, {"model": "items.category", "pk": 1, "fields": {"name": "Fresh Fruit Tea", "image": "Dragonfruit.png"}}, {"model": "items.category", "pk": 2, "fields": {"name": "Classic Fruit Tea", "image": "Super_Fruit_GT.png"}}, {"model": "items.category", "pk": 3, "fields": {"name": "Fruit Milk Swirl", "image": "Mango_Bubble_Milk_I64MIQR.png"}}, {"model": "items.category", "pk": 4, "fields": {"name": "Milk Tea", "image": "Creme_Brulee_Milk_Tea_l8ri9V1.png"}}, {"model": "items.category", "pk": 5, "fields": {"name": "Milk Swirl", "image": "Brown_Sugar_Bubble_Milk_dqAE552.png"}}, {"model": "items.category", "pk": 6, "fields": {"name": "Fresh Fruit Yakult", "image": ""}}, {"model": "items.category", "pk": 7, "fields": {"name": "Super Parfait", "image": ""}}, {"model": "items.category", "pk": 8, "fields": {"name": "Fresh Bubble Milk Tea", "image": "Bubble_Milk_Tea.png"}}, {"model": "items.category", "pk": 9, "fields": {"name": "Uji Matcha", "image": ""}}, {"model": "items.category", "pk": 10, "fields": {"name": "Cheese Foam Fresh Brewed Tea", "image": "Cheese_Four_Season.png"}}, {"model": "items.category", "pk": 11, "fields": {"name": "Coffee", "image": ""}}, {"model": "items.item", "pk": 1, "fields": {"name": "Fresh Red Dragonfruit Tea", "second_name": "\u613f\u8336\u613f\u8336\u613f\u8336", "price": "8.25", "image": "", "category": 1, "ingredients": [3]}}, {"model": "items.item", "pk": 2, "fields": {"name": "Fresh Black Grape Tea", "second_name": "\u613f\u8336\u613f\u8336\u613f\u8336", "price": "6.00", "image": "", "category": 1, "ingredients": []}}, {"model": "items.item", "pk": 3, "fields": {"name": "Fresh Watermelon Tea", "second_name": "\u613f\u8336\u613f\u8336\u613f\u8336", "price": "6.00", "image": "", "category": 1, "ingredients": [2]}}, {"model": "items.item", "pk": 4, "fields": {"name": "Fresh Berry Tea", "second_name": "\u613f\u8336\u613f\u8336\u613f\u8336", "price": "6.00", "image": "", "category": 1, "ingredients": []}}, {"model": "items.item", "pk": 5, "fields": {"name": "Fresh Strawberry Tea", "second_name": "\u613f\u8336\u613f\u8336\u613f\u8336", "price": "6.00", "image": "", "category": 1, "ingredients": []}}, {"model": "items.item", "pk": 6, "fields": {"name": "Fresh Pineapple Tea", "second_name": "\u613f\u8336\u613f\u8336\u613f\u8336", "price": "6.00", "image": "", "category": 1, "ingredients": []}}, {"model": "items.item", "pk": 7, "fields": {"name": "Super Fruit Green Tea", "second_name": "\u613f\u8336\u613f\u8336\u613f\u8336", "price": "6.00", "image": "", "category": 2, "ingredients": []}}, {"model": "items.item", "pk": 8, "fields": {"name": "Super Fruit Four Season Tea", "second_name": "\u613f\u8336\u613f\u8336\u613f\u8336", "price": "6.00", "image": "", "category": 2, "ingredients": []}}, {"model": "items.item", "pk": 9, "fields": {"name": "Fresh Lemon Green Tea", "second_name": "\u613f\u8336\u613f\u8336\u613f\u8336", "price": "5.50", "image": "", "category": 2, "ingredients": []}}, {"model": "items.item", "pk": 10, "fields": {"name": "Fresh Lemon Four Season Tea", "second_name": "\u613f\u8336\u613f\u8336\u613f\u8336", "price": "5.50", "image": "", "category": 2, "ingredients": []}}, {"model": "items.item", "pk": 11, "fields": {"name": "Mango Bubble Milk", "second_name": "\u613f\u8336\u613f\u8336\u613f\u8336", "price": "4.75", "image": "", "category": 3, "ingredients": []}}, {"model": "items.item", "pk": 12, "fields": {"name": "Strawberry Bubble Milk", "second_name": "\u613f\u8336\u613f\u8336\u613f\u8336", "price": "4.75", "image": "", "category": 3, "ingredients": []}}, {"model": "items.item", "pk": 13, "fields": {"name": "Cheese Milk Black Tea", "second_name": "\u613f\u8336\u613f\u8336\u613f\u8336", "price": "5.25", "image": "", "category": 4, "ingredients": []}}, {"model": "items.item", "pk": 14, "fields": {"name": "Creme Brulee Milk Tea", "second_name": "\u613f\u8336\u613f\u8336\u613f\u8336", "price": "4.75", "image": "", "category": 4, "ingredients": []}}, {"model": "items.item", "pk": 15, "fields": {"name": "Oreo Milk Tea", "second_name": "\u613f\u8336\u613f\u8336\u613f\u8336", "price": "4.75", "image": "", "category": 4, "ingredients": []}}, {"model": "items.item", "pk": 16, "fields": {"name": "Red Bean Milk Tea", "second_name": "\u613f\u8336\u613f\u8336\u613f\u8336", "price": "4.75", "image": "", "category": 4, "ingredients": []}}, {"model": "items.item", "pk": 17, "fields": {"name": "Green Milk Tea", "second_name": "\u613f\u8336\u613f\u8336\u613f\u8336", "price": "4.75", "image": "", "category": 4, "ingredients": []}}, {"model": "items.item", "pk": 18, "fields": {"name": "Four Season Milk Tea", "second_name": "\u613f\u8336\u613f\u8336\u613f\u8336", "price": "4.75", "image": "", "category": 4, "ingredients": []}}, {"model": "items.item", "pk": 19, "fields": {"name": "Bubble Milk Tea", "second_name": "\u613f\u8336\u613f\u8336\u613f\u8336", "price": "4.75", "image": "", "category": 4, "ingredients": []}}, {"model": "items.item", "pk": 20, "fields": {"name": "Brown Sugar Bubble Milk", "second_name": "\u613f\u8336\u613f\u8336\u613f\u8336", "price": "5.25", "image": "", "category": 5, "ingredients": []}}, {"model": "items.item", "pk": 21, "fields": {"name": "Purple Yam Bubble Milk", "second_name": "\u613f\u8336\u613f\u8336\u613f\u8336", "price": "4.75", "image": "", "category": 5, "ingredients": []}}, {"model": "items.item", "pk": 22, "fields": {"name": "Taro Bubble Milk", "second_name": "\u613f\u8336\u613f\u8336\u613f\u8336", "price": "4.75", "image": "", "category": 5, "ingredients": []}}, {"model": "items.item", "pk": 23, "fields": {"name": "Dragon Fruit Yakult", "second_name": "\u613f\u8336\u613f\u8336\u613f\u8336", "price": "8.75", "image": "", "category": 6, "ingredients": []}}, {"model": "items.item", "pk": 24, "fields": {"name": "Grapefruit Yakult", "second_name": "\u613f\u8336\u613f\u8336\u613f\u8336", "price": "6.75", "image": "", "category": 6, "ingredients": []}}, {"model": "items.item", "pk": 25, "fields": {"name": "Orange Yakult", "second_name": "\u613f\u8336\u613f\u8336\u613f\u8336", "price": "6.75", "image": "", "category": 6, "ingredients": []}}, {"model": "items.item", "pk": 26, "fields": {"name": "Lemon Yakult", "second_name": "\u613f\u8336\u613f\u8336\u613f\u8336", "price": "6.75", "image": "", "category": 6, "ingredients": []}}, {"model": "items.item", "pk": 27, "fields": {"name": "Super Strawberry Parfait", "second_name": "\u613f\u8336\u613f\u8336\u613f\u8336", "price": "7.75", "image": "", "category": 7, "ingredients": []}}, {"model": "items.item", "pk": 28, "fields": {"name": "Super Mango Parfait", "second_name": "\u613f\u8336\u613f\u8336\u613f\u8336", "price": "7.75", "image": "", "category": 7, "ingredients": []}}, {"model": "items.item", "pk": 29, "fields": {"name": "Dahongpao Bubble Milk Tea", "second_name": "\u613f\u8336\u613f\u8336\u613f\u8336", "price": "5.25", "image": "", "category": 8, "ingredients": []}}, {"model": "items.item", "pk": 30, "fields": {"name": "Rose Bubble Milk Tea", "second_name": "\u613f\u8336\u613f\u8336\u613f\u8336", "price": "5.25", "image": "", "category": 8, "ingredients": []}}, {"model": "items.item", "pk": 31, "fields": {"name": "Hawaii Bubble Milk Tea", "second_name": "\u613f\u8336\u613f\u8336\u613f\u8336", "price": "5.25", "image": "", "category": 8, "ingredients": []}}, {"model": "items.item", "pk": 32, "fields": {"name": "Cheese Foam Uji Matcha", "second_name": "\u613f\u8336\u613f\u8336\u613f\u8336", "price": "5.25", "image": "", "category": 9, "ingredients": []}}, {"model": "items.item", "pk": 33, "fields": {"name": "Creme Brulee Uji Matcha", "second_name": "\u613f\u8336\u613f\u8336\u613f\u8336", "price": "5.25", "image": "", "category": 9, "ingredients": []}}, {"model": "items.item", "pk": 34, "fields": {"name": "Uji Matcha", "second_name": "\u613f\u8336\u613f\u8336\u613f\u8336", "price": "4.75", "image": "", "category": 9, "ingredients": []}}, {"model": "items.item", "pk": 35, "fields": {"name": "Cheese Foam Dahongpao Tea", "second_name": "\u613f\u8336\u613f\u8336\u613f\u8336", "price": "5.25", "image": "", "category": 10, "ingredients": []}}, {"model": "items.item", "pk": 36, "fields": {"name": "Cheese Foam Earl Grey Tea", "second_name": "\u613f\u8336\u613f\u8336\u613f\u8336", "price": "5.25", "image": "", "category": 10, "ingredients": []}}, {"model": "items.item", "pk": 37, "fields": {"name": "Cheese Foam Mountain Green Tea", "second_name": "\u613f\u8336\u613f\u8336\u613f\u8336", "price": "5.25", "image": "", "category": 10, "ingredients": []}}, {"model": "items.item", "pk": 38, "fields": {"name": "Cheese Foam Four Season Tea", "second_name": "\u613f\u8336\u613f\u8336\u613f\u8336", "price": "5.25", "image": "", "category": 10, "ingredients": []}}, {"model": "items.item", "pk": 39, "fields": {"name": "Cheese Foam Hawaii Tea", "second_name": "\u613f\u8336\u613f\u8336\u613f\u8336", "price": "5.25", "image": "", "category": 10, "ingredients": []}}, {"model": "items.item", "pk": 40, "fields": {"name": "Cheese Foam Peach Oolong Tea", "second_name": "\u613f\u8336\u613f\u8336\u613f\u8336", "price": "5.25", "image": "", "category": 10, "ingredients": []}}, {"model": "items.item", "pk": 41, "fields": {"name": "Cheese Foam Rose Oolong Tea", "second_name": "\u613f\u8336\u613f\u8336\u613f\u8336", "price": "5.25", "image": "", "category": 10, "ingredients": []}}, {"model": "items.item", "pk": 42, "fields": {"name": "Cheese Foam Osmanthus Oolong Tea", "second_name": "\u613f\u8336\u613f\u8336\u613f\u8336", "price": "5.25", "image": "", "category": 10, "ingredients": []}}, {"model": "items.item", "pk": 43, "fields": {"name": "Cheese Foam Dongding Oolong Tea", "second_name": "\u613f\u8336\u613f\u8336\u613f\u8336", "price": "5.25", "image": "", "category": 10, "ingredients": []}}, {"model": "items.item", "pk": 44, "fields": {"name": "Cheese Foam Coffee", "second_name": "\u613f\u8336\u613f\u8336\u613f\u8336", "price": "4.25", "image": "", "category": 11, "ingredients": []}}, {"model": "items.item", "pk": 45, "fields": {"name": "Caramel Macchiato", "second_name": "\u613f\u8336\u613f\u8336\u613f\u8336", "price": "4.25", "image": "", "category": 11, "ingredients": []}}, {"model": "items.item", "pk": 46, "fields": {"name": "Fresh Ground Coffee", "second_name": "\u613f\u8336\u613f\u8336\u613f\u8336", "price": "3.25", "image": "", "category": 11, "ingredients": []}}, {"model": "items.variant", "pk": 1, "fields": {"name": "Cheese", "internal_name": "fruit tea cheese", "markup": "0.50", "item": [1, 2, 3, 4, 5, 6], "ingredients": [1]}}, {"model": "items.variant", "pk": 2, "fields": {"name": "Large", "internal_name": "large 2 dollars", "markup": "2.00", "item": [11, 12, 20, 21, 22], "ingredients": []}}, {"model": "items.variant", "pk": 3, "fields": {"name": "Large", "internal_name": "large 1 dollar", "markup": "1.00", "item": [13, 14, 15, 16, 17, 18, 19, 29], "ingredients": []}}, {"model": "items.modifier", "pk": 1, "fields": {"name": "Regular Bubbles", "internal_name": "regular bubbles", "markup": "0.50", "item": [1, 2, 3, 4, 5, 6], "ingredients": []}}, {"model": "items.modifier", "pk": 2, "fields": {"name": "White Bubbles", "internal_name": "white bubbles", "markup": "0.50", "item": [], "ingredients": []}}, {"model": "items.modifier", "pk": 3, "fields": {"name": "Aloe", "internal_name": "aloe", "markup": "0.50", "item": [], "ingredients": []}}]